Dataset,ROC_AUC
Train,0.8589053587033009
Test,0.8348404328172228
